{
  "date": "",
  "title": "RESOLVENDO PROBLEMAS: O CHOCOLATE NÃO DESENFORMA",
  "meta_title": "Chocolate não desenforma: resolvendo o problema",
  "meta_description": "Quem nunca passou por está situação? O chocolate não soltar da forma é um problema recorrente e que assusta muita gente, especialmente quem está começando a trabalhar com chocolates. Mas não se preocupe, vamos ver os motivos para isso acontecer e como resolver este probleminha.",
  "body": "\n\nQuem nunca passou por está situação? O chocolate não soltar da [forma](https://barradoce.netlify.app/categoria/formas-de-chocolate) é um problema recorrente e que assusta muita gente, especialmente quem está começando a trabalhar com chocolates.\n\nMas não se preocupe, vamos ver os motivos para isso acontecer e como resolver este probleminha.\n\nAntes de tudo é importante esclarecer que isto não ocorre por causa da forma. Muitas pessoas que deixam de usar as formas de PVC e passam usar as de polipropileno ou policarbonato acreditam que é um defeito da forma.\n\nAs formas mais rígidas realmente podem parecer mais difíceis de desenformar, pois torcem menos dos que as de PVC, mas não é este o motivo. Na verdade, estas formas até facilitam o processo e dão um acabamento muito melhor ao chocolate\n\nBom, mas então o que faz com que os chocolates não soltem? Por que os chocolates não desenformam?\n\n**Os principais motivos são: o chocolate não foi temperado corretamente, o tempo de resfriamento foi muito curto, a casquinha está muito fina ou o chocolate é viscoso demais.**\n\n\n\n## TEMPERAGEM DO CHOCOLATE\n\nSe o chocolate não for temperado ele não irá endurecer e ficará colado na forma.\n\nAo fazer a temperagem, você está cristalizando a manteiga da cacau. O chocolate irá ter um acabamento perfeito, com brilho acetinado e uma quebra (som) deliciosa. E o principal para o nosso tema, vai fazer o chocolate contrair um pouco ao resfriar, facilitando bastante para desenformar.\n\nPara aprender mais sobre a temperagem, confira nosso post sobre [como temperar o chocolate](https://blog.barradoce.com.br/temperagem-do-chocolate/).\n\nAh, e não deixe de conhecer o Myrcryo, um produto excelente da Callebaut para temperar o chocolate. Neste post você confere [como utilizar o Mycryo](https://blog.barradoce.com.br/myrcryo-temperando-seu-chocolate-a-perfeicao/).\n\n\n\n## TEMPO DE RESFRIAMENTO DO CHOCOLATE\n\nQuando tempo de resfriamento é curto, o chocolate não endurece o suficiente e o processo de desenformar fica muito mais difícil.\\\n\\\nO ideal é que você trabalhe em um ambiente com temperatura controlada, em torno de 18°C. Nestas condições o chocolate irá endurecer mesmo fora da geladeira e irá atingir todas as melhores características.\n\nMas caso não seja possível, leva à uma geladeira com boa ventilação de ar, em uma temperatura de 14°C a 16°C, durante 30 minutos.\n\nAoterminar este tempo, veja se o chocolate contraiu o suficiente dentro da forma. Para isso veja se o chocolate está todo clarinho ou continua apresentando pontos mais escuros. Se ainda apresentar, deixe mais um pouco na geladeira.\n\nEsta é uma vantagem da [forma de policarbonato transparente](https://barradoce.netlify.app/search?term=forma+policarbonato): é fácil para você acompanhar o processo de resfriamento.\n\n## A CASQUINHA DE CHOCOLATE É FINA DEMAIS PARA UMA GRANDE FIGURA DE CHOCOLATE\n\nÉ fundamental escolher um chocolate com o sabor certo e, mais importante, a viscosidade certa.\n\nOs chocolates mais viscosos tem uma quantidade maiores manteiga de cacau e proporciona uma casquinha de chocolate mais dura e fina, um brilho maior e um produto final deliciosamente crocante.\n\nAlém disso, o chocolate contrai melhor durante o resfriamento, ou seja, fica mais fácil desenformar e a casquinha de chocolate é sem falhas ou marcas.\n\nJá chocolate com viscosidade mais baixa, tem menos de manteiga de cacau, o que resulta em uma casquinha de chocolate menos dura, menos brilhosa e mais grossa.\n\nEntão quer dizer que o chocolate mais viscoso é melhor? Nem sempre.\n\nO menos viscoco é a escolha perfeita quando você está moldando figuras de chocolate maiores: você só precisa cobrir a parte interna da forma com uma camada de chocolate para criar a casquinha perfeita, o que poupa muito trabalho, comparado com moldar figuras ocas com chocolate mais viscoso.",
  "thumbnail": "/img/uploads/como-desenformar-chocolate-e-ovo-de-pa-scoa.jpeg"
}