{
  "marketing_stripe": {
    "text": "Frete grátis nas compras acima de R$ 250 para todo o estado de São Paulo",
    "link": "",
    "background": "#ffffff",
    "color": "#1c1c1c"
  },
  "contacts_stripe": {
    "pages": [],
    "phone_wpp": false,
    "socials": false
  },
  "categories_list": {
    "featured": [
      "/nova/bicos-de-confeitar?Bicos de Confeitar",
      "/categoria/formas-de-chocolate?Formas de Chocolate",
      "/nova/formas-de-bolo-e-panificacao?Formas de Bolo e Panificação",
      "/nova/cortadores-e-modelagem?Cortadores e modelagem",
      "/nova/ingredientes?Ingredientes",
      "/categoria/utensilios-de-confeitaria/ferramentas?Ferramentas"
    ],
    "random": 0,
    "full_width": true
  },
  "search_input": true
}