{
  "meta_title": "Loja de utensílios de confeitaria a festas",
  "meta_description": "Produtos para quem trabalha com confeitaria e festas. Tudo que você precisa para fazer bolos, biscoitos, chocolates e muito mais.",
  "sections": [
    {
      "type": "banner-slider",
      "autoplay": 9000,
      "slides": [
        {
          "start": "",
          "end": "",
          "img": "/img/uploads/velas-de-aniversario-para-bolos.png",
          "link": "https://barradoce.netlify.app/nova/velas",
          "alt": "Velas de bolo em diversos modelos, compre agora",
          "mobile_img": "/img/uploads/velas-de-aniversario-para-bolos-mob.png"
        }
      ]
    },
    {
      "type": "info-bar",
      "enabled": true
    },
    {
      "type": "collection-shelf",
      "shuffle": true,
      "limit": 12,
      "page": 1,
      "collection_id": "611eb74dcfbcd97059835133:categories:Cortadores de biscoito e pasta americana:/nova/cortadores-de-biscoito-e-pasta-americana",
      "sort": "views",
      "title": "Cortadores de massa",
      "link": "https://barradoce.netlify.app/nova/cortadores-de-biscoito-e-pasta-americana"
    },
    {
      "type": "brands-carousel",
      "limit": 48,
      "offset": 0,
      "sort": null,
      "autoplay": 0
    },
    {
      "type": "collection-shelf",
      "shuffle": false,
      "limit": 12,
      "page": 1,
      "collection_id": "611eb849cfbcd9705983525c:categories:Corantes e anilinas:/nova/corantes-e-anilinas",
      "sort": "views",
      "title": "Corantes",
      "link": "https://barradoce.netlify.app/nova/corantes-e-anilinas"
    },
    {
      "type": "page-title",
      "title": "Loja BarraDoce - Utensílios de confeitaria e acessórios de festa",
      "description": ""
    }
  ]
}